,Name,Vertex,Edges,Density,Max. Degree,Avg. Degree,Max. k-core,Avg. Clustering Coeff.,Diameter,Average Path Length,Total Triangles,Avg. Eigenvector Centrality,f1,f2,f3,f4,f5,f6,f7,f8,f9,f10,f11,f12,f13,f14,f15,f16,f17,f18,f19,f20,f21,f22,f23,f24,f25,f26,f27,f28,f29,f30,f31,f32,f33,f34
0,ENZYMES_g300,49,93,0.07908163265306123,7,3.795918367346939,3,0.13780369290573372,16,5.806122448979592,17.0,0.08539068783340789,1906884.0,1507995.0,179550.0,298080.0,17595.0,10755.0,38565.0,6570.0,3015.0,855.0,0.0,23726.0,1384.0,120.0,2040.0,2334.0,170.0,397.0,385.0,590.0,56.0,15.0,94.0,90.0,72.0,33.0,5.0,0.0,14.0,8.0,1.0,0.0,0.0,0.0
